Wall time,Step,Value
1761493129.1927075,81,1.018958330154419
1761493270.8104746,162,0.8944402933120728
1761493412.3989933,243,0.872376561164856
1761493553.6578314,324,0.8461429476737976
1761493695.5073419,405,0.8218105435371399
1761493836.4159164,486,0.8127429485321045
1761493977.3385503,567,0.794882595539093
1761494119.507034,648,0.7853607535362244
1761494260.7195406,729,0.7826034426689148
1761494402.011901,810,0.7818800806999207
