Wall time,Step,Value
1761491361.3291504,81,0.8547560572624207
1761491507.1185665,162,0.7704746723175049
1761491652.7767627,243,0.7519174218177795
1761491798.121922,324,0.7356955409049988
1761491943.9591875,405,0.7164114713668823
1761492089.4267185,486,0.7055799961090088
1761492235.0343602,567,0.6888146996498108
1761492381.2240696,648,0.6858659982681274
1761492526.9338794,729,0.6820659041404724
1761492672.639607,810,0.6817777156829834
