Wall time,Step,Value
1761491361.3290744,81,0.872464656829834
1761491507.1184897,162,0.7954131960868835
1761491652.776684,243,0.7699139714241028
1761491798.1218548,324,0.7578111290931702
1761491943.959116,405,0.7478734850883484
1761492089.4266455,486,0.7386941313743591
1761492235.0342882,567,0.7362871766090393
1761492381.2239873,648,0.7350306510925293
1761492526.93379,729,0.7350515723228455
1761492672.6395404,810,0.7351621389389038
