Wall time,Step,Value
1761493129.1925988,81,1.0184112787246704
1761493270.8103943,162,0.914106011390686
1761493412.3989275,243,0.8832405805587769
1761493553.6577382,324,0.866228461265564
1761493695.5072637,405,0.854587197303772
1761493836.415849,486,0.8458946347236633
1761493977.3384666,567,0.839436948299408
1761494119.5069463,648,0.8389185070991516
1761494260.7194693,729,0.8380492329597473
1761494402.0118299,810,0.8382673859596252
